program,setting,early_spills,spills,reloads,text_bytes,regalloc_s,llc_s,project
2mm,stock,0,6,6,1742,0.0008,0.03884139199999481,polybench
2mm,early@0.98,2,6,6,1742,0.0011,0.0339351100001295,polybench
2mm,early@0.95,8,6,17,1773,0.0009,0.047923857000569114,polybench
2mm,early@0.90,8,6,17,1773,0.0006,0.034433820999765885,polybench
2mm,early@0.80,8,6,17,1773,0.0006,0.0362116860005699,polybench
3mm,stock,0,9,10,1961,0.0011,0.03466192299947579,polybench
3mm,early@0.98,3,9,10,1956,0.0012,0.04176427699985652,polybench
3mm,early@0.95,11,9,23,1987,0.0006,0.03648059300030582,polybench
3mm,early@0.90,11,9,23,1987,0.0007,0.03457738599990989,polybench
3mm,early@0.80,11,9,23,1987,0.0006,0.03652739499921154,polybench
adi,stock,0,20,31,2048,0.002,0.03892730200004735,polybench
adi,early@0.98,8,18,30,2049,0.0018,0.04093655200085777,polybench
adi,early@0.95,14,15,45,2157,0.0011,0.03631312099969364,polybench
adi,early@0.90,14,15,45,2157,0.0011,0.04133948100025009,polybench
adi,early@0.80,14,15,45,2157,0.0012,0.03688428999976168,polybench
atax,stock,0,2,2,1234,0.0004,0.02852014699965366,polybench
atax,early@0.98,1,2,2,1234,0.0009,0.04076414799965278,polybench
atax,early@0.95,3,2,6,1285,0.0006,0.03765927400036162,polybench
atax,early@0.90,3,2,6,1285,0.0004,0.028039837999131123,polybench
atax,early@0.80,3,2,6,1285,0.0004,0.02692922999995062,polybench
bicg,stock,0,4,6,1094,0.0008,0.03688238199993066,polybench
bicg,early@0.98,1,4,6,1094,0.0006,0.031348258000434726,polybench
bicg,early@0.95,3,4,6,1117,0.0007,0.0273036239996145,polybench
bicg,early@0.90,3,4,6,1117,0.0006,0.026824601000043913,polybench
bicg,early@0.80,3,4,6,1117,0.0006,0.025967036000110966,polybench
cholesky,stock,0,5,4,1816,0.0015,0.05003642999963631,polybench
cholesky,early@0.98,7,5,4,1784,0.0009,0.035891270999854896,polybench
cholesky,early@0.95,8,3,18,1868,0.001,0.04040601199994853,polybench
cholesky,early@0.90,13,3,18,1804,0.0008,0.039165111999864166,polybench
cholesky,early@0.80,13,3,18,1804,0.0008,0.03848607599957177,polybench
correlation,stock,0,6,7,1549,0.0008,0.03127404599945294,polybench
correlation,early@0.98,5,6,7,1496,0.0009,0.03161220800029696,polybench
correlation,early@0.95,8,6,15,1519,0.0008,0.031211864999932004,polybench
correlation,early@0.90,8,6,15,1519,0.0008,0.030485184000099252,polybench
correlation,early@0.80,8,6,15,1519,0.0008,0.03137243800028955,polybench
covariance,stock,0,3,3,1235,0.0006,0.03020039400053065,polybench
covariance,early@0.98,1,3,3,1235,0.0006,0.02946825999970315,polybench
covariance,early@0.95,3,3,9,1238,0.0008,0.041056338000089454,polybench
covariance,early@0.90,3,3,9,1238,0.0006,0.029462153999702423,polybench
covariance,early@0.80,3,3,9,1238,0.0005,0.0350434479996693,polybench
deriche,stock,0,5,5,1874,0.0009,0.03640244000052917,polybench
deriche,early@0.98,2,5,5,1875,0.0015,0.04893875699963246,polybench
deriche,early@0.95,6,4,22,1908,0.001,0.054846753999299835,polybench
deriche,early@0.90,6,4,22,1908,0.001,0.055462239000007685,polybench
deriche,early@0.80,6,4,22,1908,0.001,0.0540142019999621,polybench
doitgen,stock,0,25,26,2282,0.0024,0.06526240899984259,polybench
doitgen,early@0.98,2,25,26,2282,0.0017,0.04154203100006271,polybench
doitgen,early@0.95,8,25,31,2300,0.0014,0.042195453000204,polybench
doitgen,early@0.90,11,25,31,2316,0.0023,0.06658151400006318,polybench
doitgen,early@0.80,11,25,31,2316,0.0014,0.042217519000587345,polybench
durbin,stock,0,7,8,1120,0.001,0.030634888000349747,polybench
durbin,early@0.98,7,5,6,1083,0.0012,0.040526970000428264,polybench
durbin,early@0.95,10,5,13,1099,0.0008,0.034698682999987795,polybench
durbin,early@0.90,10,5,13,1099,0.0009,0.04157774200029962,polybench
durbin,early@0.80,10,5,13,1099,0.0006,0.029561336999904597,polybench
fdtd-2d,stock,0,17,19,2782,0.0014,0.04645301200071117,polybench
fdtd-2d,early@0.98,9,17,19,2781,0.002,0.05471131299964327,polybench
fdtd-2d,early@0.95,15,14,49,2880,0.0013,0.07245995599987509,polybench
fdtd-2d,early@0.90,15,14,49,2880,0.0014,0.05394680100016558,polybench
fdtd-2d,early@0.80,15,14,49,2880,0.0015,0.06087852400014526,polybench
floyd-warshall,stock,0,2,2,1224,0.0008,0.030062961999647086,polybench
floyd-warshall,early@0.98,4,3,3,1224,0.0013,0.031112962999941374,polybench
floyd-warshall,early@0.95,7,2,2,1183,0.0008,0.03308182300042972,polybench
floyd-warshall,early@0.90,9,2,2,1183,0.0009,0.03273738699954265,polybench
floyd-warshall,early@0.80,9,2,2,1183,0.0006,0.027887667999493715,polybench
gemm,stock,0,3,6,1569,0.0006,0.033462917000179004,polybench
gemm,early@0.98,1,3,6,1569,0.0007,0.031142214999817952,polybench
gemm,early@0.95,5,3,15,1582,0.0006,0.031394435000038357,polybench
gemm,early@0.90,5,3,15,1582,0.0005,0.030544834000465926,polybench
gemm,early@0.80,5,3,15,1582,0.0005,0.031121230999815452,polybench
gemver,stock,0,8,11,2008,0.001,0.0335410799998499,polybench
gemver,early@0.98,7,8,11,2008,0.001,0.0343798699996114,polybench
gemver,early@0.95,8,8,53,2171,0.0009,0.033737540999936755,polybench
gemver,early@0.90,8,8,53,2171,0.0009,0.03320313200038072,polybench
gemver,early@0.80,8,8,53,2171,0.0009,0.03418407600020146,polybench
gesummv,stock,0,3,5,1145,0.0005,0.026562702000774152,polybench
gesummv,early@0.98,1,3,5,1146,0.0006,0.025619087999984913,polybench
gesummv,early@0.95,4,3,9,1159,0.0004,0.025544003000504745,polybench
gesummv,early@0.90,4,3,9,1159,0.0005,0.026325937999899907,polybench
gesummv,early@0.80,4,3,9,1159,0.0006,0.03598777600018366,polybench
gramschmidt,stock,0,17,22,2060,0.0014,0.034895849999884376,polybench
gramschmidt,early@0.98,13,16,22,2044,0.0015,0.04103820900036226,polybench
gramschmidt,early@0.95,19,16,42,2131,0.0011,0.04148041699954774,polybench
gramschmidt,early@0.90,19,16,42,2131,0.001,0.03858930099977442,polybench
gramschmidt,early@0.80,19,16,42,2131,0.0012,0.03887057599968102,polybench
heat-3d,stock,0,11,15,1915,0.0011,0.03993554499993479,polybench
heat-3d,early@0.98,2,11,15,1915,0.0013,0.04540274600003613,polybench
heat-3d,early@0.95,5,11,17,1938,0.0012,0.04543204799938394,polybench
heat-3d,early@0.90,8,11,17,1922,0.0013,0.04289441199944122,polybench
heat-3d,early@0.80,8,11,17,1922,0.001,0.03910570999960328,polybench
jacobi-1d,stock,0,0,0,1115,0.0002,0.027623848999610345,polybench
jacobi-1d,early@0.98,0,0,0,1115,0.0003,0.02755372699994041,polybench
jacobi-1d,early@0.95,0,0,0,1115,0.0003,0.0285134530004143,polybench
jacobi-1d,early@0.90,0,0,0,1115,0.0004,0.027418491000389622,polybench
jacobi-1d,early@0.80,0,0,0,1115,0.0004,0.03138627099997393,polybench
jacobi-2d,stock,0,2,6,1516,0.0005,0.043150323999725515,polybench
jacobi-2d,early@0.98,1,2,6,1516,0.0007,0.03892639500008954,polybench
jacobi-2d,early@0.95,4,2,12,1555,0.0007,0.0552915190000931,polybench
jacobi-2d,early@0.90,4,2,12,1555,0.0005,0.03744131499934156,polybench
jacobi-2d,early@0.80,4,2,12,1555,0.0007,0.04343046199937817,polybench
lu,stock,0,3,3,1829,0.0009,0.0352577570001813,polybench
lu,early@0.98,6,3,3,1813,0.0009,0.035856790999787336,polybench
lu,early@0.95,7,2,19,1860,0.0008,0.038079318999734824,polybench
lu,early@0.90,12,2,19,1796,0.001,0.05603812600020319,polybench
lu,early@0.80,12,2,19,1796,0.0007,0.04658213299990166,polybench
lua_lapi,stock,0,0,0,13785,0.0054,0.26553182899988315,lua
lua_lapi,early@0.98,0,0,0,13785,0.0069,0.253995095999926,lua
lua_lapi,early@0.95,0,0,0,13785,0.0073,0.28247862399985024,lua
lua_lapi,early@0.90,0,0,0,13785,0.0074,0.2791078469999775,lua
lua_lapi,early@0.80,0,0,0,13785,0.0068,0.2580629929998395,lua
lua_lauxlib,stock,0,9,10,9672,0.0046,0.1599449960003767,lua
lua_lauxlib,early@0.98,8,12,12,9672,0.005,0.15414151100048912,lua
lua_lauxlib,early@0.95,16,13,29,9720,0.0047,0.15435322699977405,lua
lua_lauxlib,early@0.90,16,13,29,9720,0.0044,0.1541872930001773,lua
lua_lauxlib,early@0.80,16,13,29,9720,0.0047,0.15237603500008845,lua
lua_lbaselib,stock,0,6,4,4192,0.0016,0.07898262900016562,lua
lua_lbaselib,early@0.98,1,6,4,4192,0.002,0.0769563060002838,lua
lua_lbaselib,early@0.95,4,4,8,4208,0.0018,0.0791466450000371,lua
lua_lbaselib,early@0.90,4,4,8,4208,0.0024,0.1012491110004703,lua
lua_lbaselib,early@0.80,4,4,8,4208,0.0019,0.07775373999993462,lua
lua_lcode,stock,0,36,39,15240,0.0074,0.20605121500011592,lua
lua_lcode,early@0.98,3,37,41,15259,0.0106,0.2370345939998515,lua
lua_lcode,early@0.95,13,34,129,15413,0.0086,0.20826139299970237,lua
lua_lcode,early@0.90,13,34,129,15413,0.0091,0.22726987799978815,lua
lua_lcode,early@0.80,13,34,129,15413,0.0098,0.2399179149997508,lua
lua_lcorolib,stock,0,0,0,1291,0.0006,0.0411985820001064,lua
lua_lcorolib,early@0.98,0,0,0,1291,0.0011,0.05426599100064777,lua
lua_lcorolib,early@0.95,0,0,0,1291,0.001,0.0453922179995061,lua
lua_lcorolib,early@0.90,0,0,0,1291,0.0007,0.03628456299975369,lua
lua_lcorolib,early@0.80,0,0,0,1291,0.0007,0.03879628399954527,lua
lua_lctype,stock,0,0,0,0,,0.011441091000051529,lua
lua_lctype,early@0.98,0,0,0,0,,0.009745809999913035,lua
lua_lctype,early@0.95,0,0,0,0,,0.013141603999429208,lua
lua_lctype,early@0.90,0,0,0,0,,0.011489356999845768,lua
lua_lctype,early@0.80,0,0,0,0,,0.012257647000296856,lua
lua_ldblib,stock,0,1,1,4296,0.0015,0.06727096200029337,lua
lua_ldblib,early@0.98,1,1,1,4280,0.0016,0.066997065000578,lua
lua_ldblib,early@0.95,1,1,1,4280,0.0019,0.07816894999996293,lua
lua_ldblib,early@0.90,1,1,1,4280,0.0017,0.06684038700041128,lua
lua_ldblib,early@0.80,1,1,1,4280,0.0017,0.0667092470002899,lua
lua_ldebug,stock,0,5,8,7431,0.0035,0.14754893500048638,lua
lua_ldebug,early@0.98,4,5,8,7466,0.0046,0.1459629249993668,lua
lua_ldebug,early@0.95,5,5,17,7514,0.004,0.1399994470002639,lua
lua_ldebug,early@0.90,5,5,17,7514,0.0042,0.1487214260005203,lua
lua_ldebug,early@0.80,5,5,17,7514,0.0043,0.14535925600011979,lua
lua_ldo,stock,0,15,16,6115,0.0038,0.1327633020000576,lua
lua_ldo,early@0.98,3,15,16,6115,0.0042,0.13561422299972037,lua
lua_ldo,early@0.95,7,15,20,6147,0.0044,0.13656580099996063,lua
lua_ldo,early@0.90,7,15,20,6147,0.0037,0.11263820099975419,lua
lua_ldo,early@0.80,7,15,20,6147,0.0039,0.120491439000034,lua
lua_ldump,stock,0,0,0,2624,0.0008,0.05210909800007357,lua
lua_ldump,early@0.98,0,0,0,2624,0.0012,0.055996004000007815,lua
lua_ldump,early@0.95,1,0,0,2624,0.0012,0.052290890000222134,lua
lua_ldump,early@0.90,1,0,0,2624,0.0019,0.05980033400010143,lua
lua_ldump,early@0.80,1,0,0,2624,0.002,0.0806414449998556,lua
lua_lfunc,stock,0,1,1,1527,0.0008,0.046048597000662994,lua
lua_lfunc,early@0.98,0,1,1,1527,0.001,0.05069315299988375,lua
lua_lfunc,early@0.95,1,1,1,1527,0.001,0.05147951400067541,lua
lua_lfunc,early@0.90,1,1,1,1527,0.0012,0.059385114000178874,lua
lua_lfunc,early@0.80,1,1,1,1527,0.001,0.045464701000128116,lua
lua_lgc,stock,0,23,22,12527,0.006,0.18235985199953575,lua
lua_lgc,early@0.98,10,26,22,12463,0.0065,0.17541382600029465,lua
lua_lgc,early@0.95,25,25,84,12687,0.0062,0.1907987940003295,lua
lua_lgc,early@0.90,27,26,86,12719,0.0058,0.17521901199961576,lua
lua_lgc,early@0.80,27,26,86,12719,0.0056,0.17953950599985546,lua
lua_linit,stock,0,0,0,382,0.0001,0.014672121000330662,lua
lua_linit,early@0.98,0,0,0,382,0.0001,0.013653559999511344,lua
lua_linit,early@0.95,0,0,0,382,0.0001,0.014154641000459378,lua
lua_linit,early@0.90,0,0,0,382,0.0001,0.013940797000032035,lua
lua_linit,early@0.80,0,0,0,382,0.0002,0.016477369999847724,lua
lua_liolib,stock,0,6,7,6375,0.003,0.10203245499997138,lua
lua_liolib,early@0.98,2,6,7,6359,0.0037,0.1091971250007191,lua
lua_liolib,early@0.95,8,6,55,6423,0.0032,0.10722135099968,lua
lua_liolib,early@0.90,8,6,55,6423,0.0029,0.11151410900038172,lua
lua_liolib,early@0.80,8,6,55,6423,0.0032,0.1039115599996876,lua
lua_llex,stock,0,7,20,7457,0.005,0.11542742899928271,lua
lua_llex,early@0.98,9,8,8,7313,0.005,0.13089202599985583,lua
lua_llex,early@0.95,14,11,75,7665,0.0041,0.12235248599972692,lua
lua_llex,early@0.90,14,11,75,7665,0.0044,0.12110532099995908,lua
lua_llex,early@0.80,14,11,75,7665,0.004,0.12826645499990263,lua
lua_lmathlib,stock,0,7,9,3319,0.0015,0.06749917900015134,lua
lua_lmathlib,early@0.98,4,7,9,3319,0.0019,0.07146386500062363,lua
lua_lmathlib,early@0.95,5,7,12,3335,0.0018,0.07605019600032392,lua
lua_lmathlib,early@0.90,5,7,12,3335,0.0024,0.08886354199967172,lua
lua_lmathlib,early@0.80,5,7,12,3335,0.0018,0.0710694039998998,lua
lua_lmem,stock,0,3,4,855,0.0011,0.03966080900045199,lua
lua_lmem,early@0.98,0,3,4,855,0.0014,0.04781076000017492,lua
lua_lmem,early@0.95,3,3,9,919,0.0011,0.04739587899985054,lua
lua_lmem,early@0.90,3,3,9,919,0.001,0.04175011299957987,lua
lua_lmem,early@0.80,3,3,9,919,0.0009,0.03457719800007908,lua
lua_loadlib,stock,0,0,0,3935,0.0012,0.05695361099969887,lua
lua_loadlib,early@0.98,0,0,0,3935,0.0015,0.05827545600004669,lua
lua_loadlib,early@0.95,0,0,0,3935,0.0021,0.08006294900042121,lua
lua_loadlib,early@0.90,0,0,0,3935,0.0017,0.06996444900050847,lua
lua_loadlib,early@0.80,0,0,0,3935,0.0013,0.05554087599921331,lua
lua_lobject,stock,0,1,2,3998,0.0021,0.07391700299922377,lua
lua_lobject,early@0.98,5,2,3,3966,0.0022,0.07637859999977081,lua
lua_lobject,early@0.95,9,5,10,4014,0.0032,0.08633768900017458,lua
lua_lobject,early@0.90,9,5,10,4014,0.0024,0.08094363500003965,lua
lua_lobject,early@0.80,9,5,10,4014,0.0022,0.07505593499990937,lua
lua_lopcodes,stock,0,0,0,0,,0.010339348999877984,lua
lua_lopcodes,early@0.98,0,0,0,0,,0.01030516099945089,lua
lua_lopcodes,early@0.95,0,0,0,0,,0.016531592999854183,lua
lua_lopcodes,early@0.90,0,0,0,0,,0.010754178999377473,lua
lua_lopcodes,early@0.80,0,0,0,0,,0.010335121999560215,lua
lua_loslib,stock,0,3,3,2297,0.0018,0.07385396099925856,lua
lua_loslib,early@0.98,3,3,3,2297,0.0017,0.05666704800023581,lua
lua_loslib,early@0.95,5,3,11,2297,0.0014,0.05367714800013346,lua
lua_loslib,early@0.90,5,3,11,2297,0.0012,0.04972998700031894,lua
lua_loslib,early@0.80,5,3,11,2297,0.0013,0.05131857099968329,lua
lua_lparser,stock,0,31,48,16723,0.0092,0.21900226499928976,lua
lua_lparser,early@0.98,19,33,44,16803,0.0091,0.20075437400009832,lua
lua_lparser,early@0.95,47,42,133,17187,0.0084,0.22600885500014556,lua
lua_lparser,early@0.90,47,42,133,17187,0.0075,0.19401984700016328,lua
lua_lparser,early@0.80,47,42,133,17187,0.0087,0.22834363000038138,lua
lua_lstate,stock,0,0,0,2752,0.001,0.06025902400051564,lua
lua_lstate,early@0.98,0,0,0,2752,0.0016,0.07768926200060378,lua
lua_lstate,early@0.95,1,0,0,2752,0.0013,0.06312820700077282,lua
lua_lstate,early@0.90,1,0,0,2752,0.0012,0.05586603699975967,lua
lua_lstate,early@0.80,1,0,0,2752,0.0013,0.05856975200003944,lua
lua_lstring,stock,0,3,7,2218,0.0012,0.05590182000014465,lua
lua_lstring,early@0.98,0,3,7,2218,0.0015,0.055061648999981117,lua
lua_lstring,early@0.95,3,3,12,2234,0.0013,0.05887007599994831,lua
lua_lstring,early@0.90,3,3,12,2234,0.0019,0.08273516899953393,lua
lua_lstring,early@0.80,3,3,12,2234,0.0016,0.06748046600023372,lua
lua_lstrlib,stock,0,46,93,15451,0.0116,0.2063024740000401,lua
lua_lstrlib,early@0.98,29,56,108,15451,0.0132,0.21612888599975122,lua
lua_lstrlib,early@0.95,68,50,328,15787,0.0099,0.21002390400008153,lua
lua_lstrlib,early@0.90,68,50,328,15787,0.0095,0.21677622400056862,lua
lua_lstrlib,early@0.80,68,50,328,15787,0.0089,0.2045651979997274,lua
lua_ltable,stock,0,13,22,6958,0.0039,0.1160799319995931,lua
lua_ltable,early@0.98,0,13,22,6958,0.0048,0.11450244699972245,lua
lua_ltable,early@0.95,7,11,31,6926,0.0039,0.11119344899998396,lua
lua_ltable,early@0.90,7,11,31,6926,0.004,0.11542442599966307,lua
lua_ltable,early@0.80,7,11,31,6926,0.0042,0.11665215199991508,lua
lua_ltablib,stock,0,9,15,3346,0.0015,0.05278285700023844,lua
lua_ltablib,early@0.98,1,10,14,3330,0.0017,0.05048242700013361,lua
lua_ltablib,early@0.95,3,10,18,3362,0.0016,0.05524837200027832,lua
lua_ltablib,early@0.90,3,10,18,3362,0.0018,0.05572096000014426,lua
lua_ltablib,early@0.80,3,10,18,3362,0.0016,0.05881476400008978,lua
lua_ltests,stock,0,0,0,0,,0.010716555000726657,lua
lua_ltests,early@0.98,0,0,0,0,,0.013816853999742307,lua
lua_ltests,early@0.95,0,0,0,0,,0.013407768999968539,lua
lua_ltests,early@0.90,0,0,0,0,,0.010341772999709065,lua
lua_ltests,early@0.80,0,0,0,0,,0.009330814999884751,lua
lua_ltm,stock,0,0,0,2457,0.0012,0.06292519999988144,lua
lua_ltm,early@0.98,0,0,0,2457,0.0014,0.061294500999792945,lua
lua_ltm,early@0.95,0,0,0,2457,0.0014,0.05822770099985064,lua
lua_ltm,early@0.90,0,0,0,2457,0.0015,0.06318605600063165,lua
lua_ltm,early@0.80,0,0,0,2457,0.0015,0.06654396699923382,lua
lua_lua,stock,0,4,9,3947,0.0034,0.09062982600062242,lua
lua_lua,early@0.98,2,6,11,3947,0.0024,0.05728626299969619,lua
lua_lua,early@0.95,3,5,18,3963,0.0024,0.07258851100050379,lua
lua_lua,early@0.90,3,5,18,3963,0.0024,0.06047665899950516,lua
lua_lua,early@0.80,3,5,18,3963,0.0023,0.059057471999949485,lua
lua_lundump,stock,0,0,0,4191,0.0011,0.07727058599994052,lua
lua_lundump,early@0.98,0,0,0,4191,0.0016,0.0729162739999083,lua
lua_lundump,early@0.95,0,0,0,4191,0.0017,0.07671955099976913,lua
lua_lundump,early@0.90,0,0,0,4191,0.0017,0.0721465349997743,lua
lua_lundump,early@0.80,0,0,0,4191,0.0016,0.07254583099984302,lua
lua_lutf8lib,stock,0,0,0,2449,0.0008,0.04640784299954248,lua
lua_lutf8lib,early@0.98,0,0,0,2449,0.0011,0.047013985000376124,lua
lua_lutf8lib,early@0.95,0,0,0,2449,0.0011,0.04879569399963657,lua
lua_lutf8lib,early@0.90,0,0,0,2449,0.0012,0.048135188000742346,lua
lua_lutf8lib,early@0.80,0,0,0,2449,0.0011,0.048028092999629735,lua
lua_lvm,stock,0,66,191,18801,0.0407,0.30351176599924656,lua
lua_lvm,early@0.98,33,67,185,18769,0.0541,0.35027207899929635,lua
lua_lvm,early@0.95,46,73,341,19108,0.0428,0.3426270489999297,lua
lua_lvm,early@0.90,46,73,341,19108,0.0356,0.30196375500054273,lua
lua_lvm,early@0.80,46,73,341,19108,0.0353,0.3006499330003862,lua
lua_lzio,stock,0,0,0,272,0.0002,0.02037465100056579,lua
lua_lzio,early@0.98,0,0,0,272,0.0003,0.021434616999613354,lua
lua_lzio,early@0.95,0,0,0,272,0.0003,0.025954871000067214,lua
lua_lzio,early@0.90,0,0,0,272,0.0003,0.02138712000032683,lua
lua_lzio,early@0.80,0,0,0,272,0.0003,0.02224740000019665,lua
ludcmp,stock,0,5,9,2525,0.0015,0.04789564800012158,polybench
ludcmp,early@0.98,6,4,7,2506,0.0017,0.04594870700020692,polybench
ludcmp,early@0.95,9,5,37,2555,0.001,0.045236087999910524,polybench
ludcmp,early@0.90,14,5,37,2507,0.0013,0.05535875300029147,polybench
ludcmp,early@0.80,14,5,37,2507,0.0013,0.06350394499986578,polybench
mvt,stock,0,4,4,1179,0.0005,0.02596200600055454,polybench
mvt,early@0.98,1,4,4,1179,0.0007,0.03395288299998356,polybench
mvt,early@0.95,3,4,7,1229,0.0006,0.035042305999922974,polybench
mvt,early@0.90,3,4,7,1229,0.0007,0.0278679490002105,polybench
mvt,early@0.80,3,4,7,1229,0.0006,0.027778119999311457,polybench
nussinov,stock,0,7,11,1032,0.0006,0.03244607899978291,polybench
nussinov,early@0.98,3,7,11,1032,0.0007,0.03031771999940247,polybench
nussinov,early@0.95,6,7,14,1076,0.0006,0.030293904999780352,polybench
nussinov,early@0.90,6,7,14,1076,0.0006,0.03314786200007802,polybench
nussinov,early@0.80,6,7,14,1076,0.0006,0.031066178000401123,polybench
seidel-2d,stock,0,1,1,752,0.0003,0.025276188000134425,polybench
seidel-2d,early@0.98,1,1,1,752,0.0004,0.024161643000297772,polybench
seidel-2d,early@0.95,2,1,1,759,0.0004,0.02381291700021393,polybench
seidel-2d,early@0.90,2,1,1,759,0.0004,0.025160906000564864,polybench
seidel-2d,early@0.80,2,1,1,759,0.0004,0.0335394420008015,polybench
symm,stock,0,3,8,1644,0.0008,0.03425006500037853,polybench
symm,early@0.98,1,3,8,1644,0.0012,0.04567473599945515,polybench
symm,early@0.95,5,3,16,1646,0.0006,0.03299160999995365,polybench
symm,early@0.90,5,3,16,1646,0.001,0.047263137999834726,polybench
symm,early@0.80,5,3,16,1646,0.0006,0.03457745400010026,polybench
syr2k,stock,0,8,14,1807,0.001,0.036177783999846724,polybench
syr2k,early@0.98,6,8,14,1807,0.0011,0.034684786000070744,polybench
syr2k,early@0.95,11,8,26,1844,0.0009,0.0346693139999843,polybench
syr2k,early@0.90,14,8,26,1844,0.001,0.037033815000540926,polybench
syr2k,early@0.80,14,8,26,1844,0.0009,0.03565389000050345,polybench
syrk,stock,0,6,13,1516,0.0008,0.033795950999774504,polybench
syrk,early@0.98,4,6,13,1516,0.0008,0.036484194999502506,polybench
syrk,early@0.95,9,6,19,1524,0.0006,0.03391883200038137,polybench
syrk,early@0.90,9,6,19,1524,0.0006,0.0332956970005398,polybench
syrk,early@0.80,9,6,19,1524,0.0006,0.03578560900041339,polybench
trisolv,stock,0,1,1,842,0.0003,0.03383591700003308,polybench
trisolv,early@0.98,1,1,1,842,0.0004,0.024975181000627344,polybench
trisolv,early@0.95,2,1,1,847,0.0003,0.025904831999469025,polybench
trisolv,early@0.90,2,1,1,847,0.0004,0.02638303099956829,polybench
trisolv,early@0.80,2,1,1,847,0.0004,0.029982821999510634,polybench
trmm,stock,0,2,2,1254,0.001,0.04426325400072528,polybench
trmm,early@0.98,2,2,2,1254,0.0008,0.031135917000028712,polybench
trmm,early@0.95,6,2,9,1267,0.0007,0.0356946190004237,polybench
trmm,early@0.90,6,2,9,1267,0.0007,0.0323164289993656,polybench
trmm,early@0.80,6,2,9,1267,0.0008,0.03990193200024805,polybench
zlib_adler32,stock,0,0,0,1553,0.0005,0.040721607999330445,zlib
zlib_adler32,early@0.98,0,0,0,1553,0.0007,0.042374452000331075,zlib
zlib_adler32,early@0.95,0,0,0,1553,0.0007,0.03551639699981024,zlib
zlib_adler32,early@0.90,0,0,0,1553,0.0006,0.03400757100007468,zlib
zlib_adler32,early@0.80,0,0,0,1553,0.0007,0.03415821200087521,zlib
zlib_compress,stock,0,0,0,544,0.0002,0.022326745000100345,zlib
zlib_compress,early@0.98,0,0,0,544,0.0003,0.022162852000292332,zlib
zlib_compress,early@0.95,0,0,0,544,0.0003,0.02249329200003558,zlib
zlib_compress,early@0.90,0,0,0,544,0.0003,0.02261127299971122,zlib
zlib_compress,early@0.80,0,0,0,544,0.0003,0.0221165809998638,zlib
zlib_crc32,stock,0,6,7,3220,0.0019,0.05922705200009659,zlib
zlib_crc32,early@0.98,3,6,7,3220,0.0023,0.060973806000220065,zlib
zlib_crc32,early@0.95,4,6,7,3204,0.0034,0.08226197900057741,zlib
zlib_crc32,early@0.90,4,6,7,3204,0.0023,0.06657455700042192,zlib
zlib_crc32,early@0.80,4,6,7,3204,0.0021,0.056504238999878,zlib
zlib_deflate,stock,0,22,58,16973,0.0077,0.21071219899931748,zlib
zlib_deflate,early@0.98,15,24,59,17003,0.0099,0.2181480780000129,zlib
zlib_deflate,early@0.95,29,30,189,17403,0.0098,0.23463694699967164,zlib
zlib_deflate,early@0.90,29,30,189,17403,0.0088,0.2141779920002591,zlib
zlib_deflate,early@0.80,29,30,189,17403,0.0085,0.20504773999982717,zlib
zlib_gzclose,stock,0,0,0,29,0.0,0.013885590000427328,zlib
zlib_gzclose,early@0.98,0,0,0,29,0.0001,0.01398180200067145,zlib
zlib_gzclose,early@0.95,0,0,0,29,0.0001,0.014050727999347146,zlib
zlib_gzclose,early@0.90,0,0,0,29,0.0001,0.014291499000137264,zlib
zlib_gzclose,early@0.80,0,0,0,29,0.0001,0.013545503999921493,zlib
zlib_infback,stock,0,31,98,5333,0.0093,0.09512233100031153,zlib
zlib_infback,early@0.98,3,31,98,5333,0.0104,0.09209996499976114,zlib
zlib_infback,early@0.95,17,21,231,5717,0.0044,0.08393639099995198,zlib
zlib_infback,early@0.90,17,21,231,5717,0.0045,0.0895946990003722,zlib
zlib_infback,early@0.80,17,21,231,5717,0.004,0.07903149600042525,zlib
zlib_inffast,stock,0,24,79,2939,0.0037,0.04858600799980195,zlib
zlib_inffast,early@0.98,4,25,68,2858,0.0036,0.04919092899945099,zlib
zlib_inffast,early@0.95,13,25,86,2823,0.0027,0.04842106399974,zlib
zlib_inffast,early@0.90,13,25,86,2823,0.0028,0.050924011999995855,zlib
zlib_inffast,early@0.80,13,25,86,2823,0.0027,0.047455015000196,zlib
zlib_inflate,stock,0,71,123,12811,0.0236,0.24886110499937786,zlib
zlib_inflate,early@0.98,2,71,123,12811,0.024,0.24124575899986667,zlib
zlib_inflate,early@0.95,10,52,350,13547,0.0225,0.20636304900017421,zlib
zlib_inflate,early@0.90,10,52,350,13547,0.0218,0.20272028499948647,zlib
zlib_inflate,early@0.80,10,52,350,13547,0.0227,0.22673486600069737,zlib
zlib_inftrees,stock,0,41,42,2036,0.0027,0.03987427099946217,zlib
zlib_inftrees,early@0.98,7,41,42,2041,0.003,0.03837375300008716,zlib
zlib_inftrees,early@0.95,19,47,46,2108,0.0024,0.03766805000032036,zlib
zlib_inftrees,early@0.90,19,47,46,2108,0.0023,0.0364789049999672,zlib
zlib_inftrees,early@0.80,19,47,46,2108,0.0029,0.04045548200065241,zlib
zlib_trees,stock,0,4,6,8332,0.0023,0.10858748500049842,zlib
zlib_trees,early@0.98,2,4,5,8348,0.003,0.1037260109997078,zlib
zlib_trees,early@0.95,5,6,9,8364,0.0028,0.10409149200040702,zlib
zlib_trees,early@0.90,5,6,9,8364,0.0034,0.1248750189997736,zlib
zlib_trees,early@0.80,5,6,9,8364,0.0026,0.09515884000029473,zlib
zlib_uncompr,stock,0,1,1,415,0.0003,0.020295205999900645,zlib
zlib_uncompr,early@0.98,0,1,1,415,0.0004,0.01980401300079393,zlib
zlib_uncompr,early@0.95,1,0,0,383,0.0003,0.022737557999789715,zlib
zlib_uncompr,early@0.90,1,0,0,383,0.0003,0.020199071999741136,zlib
zlib_uncompr,early@0.80,1,0,0,383,0.0003,0.018624604999786243,zlib
zlib_zutil,stock,0,0,0,104,0.0001,0.02449390800029505,zlib
zlib_zutil,early@0.98,0,0,0,104,0.0001,0.020541771999887715,zlib
zlib_zutil,early@0.95,0,0,0,104,0.0002,0.018821912999555934,zlib
zlib_zutil,early@0.90,0,0,0,104,0.0001,0.01862111999980698,zlib
zlib_zutil,early@0.80,0,0,0,104,0.0001,0.018419347000417474,zlib
